-1,000000;-1,000000;-1,000000;-1,000000;-1,000000;-1,000000;-1,000000;-1,000000;-1,000000;-1,000000;-1,000000;-1,000000;-1,000000;-1,000000;-1,000000;-1,000000;-1,000000;-1,000000;-1,000000;-1,000000;-1,000000;161,000000;161,000000;161,000000;161,000000;161,000000;311,000000;311,000000;311,000000;311,000000;311,000000;311,000000;311,000000;311,000000;311,000000;311,000000;311,000000;311,000000;311,000000;311,000000;311,000000;311,000000;311,000000;311,000000;311,000000;311,000000;311,000000;311,000000;311,000000;311,000000;311,000000;208,750000;208,750000;208,750000;208,750000;208,750000;208,750000;208,750000;208,750000;208,750000;208,750000;342,600000;342,600000;342,600000;342,600000;342,600000;342,600000;342,600000;342,600000;342,600000;342,600000;342,600000;342,600000;342,600000;342,600000;342,600000;349,666667;349,666667;349,666667;349,666667;349,666667;349,666667;349,666667;349,666667;349,666667;349,666667;349,666667;349,666667;349,666667;349,666667;349,666667;349,666667;349,666667;349,666667;349,666667;349,666667;305,888889;305,888889;305,888889;305,888889;305,888889;321,200000;321,200000;321,200000;321,200000;321,200000;403,272727;403,272727;403,272727;403,272727;403,272727;418,250000;418,250000;418,250000;418,250000;418,250000;467,428571;467,428571;467,428571;467,428571;467,428571;437,933333;437,933333;437,933333;437,933333;437,933333;437,933333;437,933333;437,933333;437,933333;437,933333;424,625000;424,625000;424,625000;424,625000;424,625000;424,625000;424,625000;424,625000;424,625000;424,625000;399,882353;399,882353;399,882353;399,882353;399,882353;399,882353;399,882353;399,882353;399,882353;399,882353;377,666667;377,666667;377,666667;377,666667;377,666667;377,666667;377,666667;377,666667;377,666667;377,666667;393,578947;393,578947;393,578947;393,578947;393,578947;393,578947;393,578947;393,578947;393,578947;393,578947;393,578947;393,578947;393,578947;393,578947;393,578947;393,578947;393,578947;393,578947;393,578947;393,578947;422,900000;422,900000;422,900000;422,900000;422,900000;422,900000;422,900000;422,900000;422,900000;422,900000;422,900000;422,900000;422,900000;422,900000;422,900000;431,904762;431,904762;431,904762;
-1,000000;-1,000000;-1,000000;-1,000000;-1,000000;-1,000000;0,000000;0,000000;0,000000;0,000000;0,000000;0,000000;0,000000;0,000000;0,000000;0,000000;211,000000;211,000000;211,000000;211,000000;211,000000;211,000000;211,000000;211,000000;211,000000;211,000000;211,000000;211,000000;211,000000;211,000000;211,000000;211,000000;211,000000;211,000000;211,000000;211,000000;211,000000;211,000000;211,000000;211,000000;211,000000;211,000000;211,000000;211,000000;211,000000;211,000000;211,000000;211,000000;211,000000;211,000000;211,000000;196,333333;196,333333;196,333333;196,333333;196,333333;196,333333;196,333333;196,333333;196,333333;196,333333;264,800000;264,800000;264,800000;264,800000;264,800000;264,800000;264,800000;264,800000;264,800000;264,800000;264,800000;264,800000;264,800000;264,800000;264,800000;267,166667;267,166667;267,166667;267,166667;267,166667;267,166667;267,166667;267,166667;267,166667;267,166667;267,166667;267,166667;267,166667;267,166667;267,166667;267,166667;267,166667;267,166667;267,166667;267,166667;267,166667;267,166667;267,166667;267,166667;267,166667;267,166667;267,166667;267,166667;267,166667;267,166667;267,166667;267,166667;267,166667;267,166667;267,166667;267,166667;267,166667;267,166667;267,166667;267,166667;267,166667;267,166667;267,166667;267,166667;267,166667;267,166667;267,166667;267,166667;267,166667;267,166667;333,142857;333,142857;333,142857;333,142857;333,142857;293,500000;293,500000;293,500000;293,500000;293,500000;293,500000;293,500000;293,500000;293,500000;293,500000;293,500000;293,500000;293,500000;293,500000;293,500000;293,500000;293,500000;293,500000;293,500000;293,500000;293,500000;293,500000;293,500000;293,500000;293,500000;293,500000;293,500000;293,500000;293,500000;293,500000;293,500000;293,500000;293,500000;293,500000;293,500000;293,500000;293,500000;293,500000;293,500000;293,500000;293,500000;293,500000;293,500000;293,500000;293,500000;293,500000;293,500000;293,500000;293,500000;293,500000;293,500000;293,500000;293,500000;293,500000;293,500000;266,818182;266,818182;266,818182;266,818182;266,818182;244,583333;244,583333;244,583333;244,583333;244,583333;244,583333;244,583333;244,583333;
-1,000000;-1,000000;-1,000000;-1,000000;-1,000000;-1,000000;-1,000000;-1,000000;-1,000000;-1,000000;-1,000000;-1,000000;-1,000000;-1,000000;-1,000000;-1,000000;-1,000000;-1,000000;-1,000000;-1,000000;-1,000000;-1,000000;-1,000000;-1,000000;-1,000000;-1,000000;680,000000;680,000000;680,000000;680,000000;680,000000;680,000000;680,000000;680,000000;680,000000;680,000000;680,000000;680,000000;680,000000;680,000000;680,000000;680,000000;680,000000;680,000000;680,000000;680,000000;680,000000;680,000000;680,000000;680,000000;680,000000;680,000000;680,000000;680,000000;680,000000;680,000000;680,000000;680,000000;680,000000;680,000000;680,000000;680,000000;680,000000;680,000000;680,000000;680,000000;680,000000;680,000000;680,000000;680,000000;680,000000;680,000000;680,000000;680,000000;680,000000;680,000000;475,500000;475,500000;475,500000;475,500000;475,500000;317,000000;317,000000;317,000000;317,000000;317,000000;317,000000;317,000000;317,000000;317,000000;317,000000;317,000000;317,000000;317,000000;317,000000;317,000000;317,000000;317,000000;317,000000;317,000000;317,000000;317,000000;317,000000;317,000000;317,000000;317,000000;317,000000;317,000000;317,000000;317,000000;317,000000;237,750000;237,750000;237,750000;237,750000;237,750000;237,750000;237,750000;237,750000;237,750000;237,750000;237,750000;237,750000;237,750000;237,750000;237,750000;237,750000;237,750000;237,750000;237,750000;237,750000;296,600000;296,600000;296,600000;296,600000;296,600000;296,600000;296,600000;296,600000;296,600000;296,600000;314,500000;314,500000;314,500000;314,500000;314,500000;314,500000;314,500000;314,500000;314,500000;314,500000;409,375000;409,375000;409,375000;409,375000;409,375000;409,375000;409,375000;409,375000;409,375000;409,375000;409,375000;409,375000;409,375000;409,375000;409,375000;451,777778;451,777778;451,777778;451,777778;451,777778;448,700000;448,700000;448,700000;448,700000;448,700000;448,700000;448,700000;448,700000;448,700000;448,700000;448,700000;448,700000;448,700000;448,700000;448,700000;448,700000;448,700000;448,700000;448,700000;448,700000;448,700000;448,700000;448,700000;448,700000;448,700000;448,700000;448,700000;448,700000;
-1,000000;-1,000000;-1,000000;-1,000000;-1,000000;-1,000000;-1,000000;-1,000000;-1,000000;-1,000000;-1,000000;-1,000000;-1,000000;-1,000000;-1,000000;-1,000000;-1,000000;-1,000000;-1,000000;-1,000000;-1,000000;-1,000000;-1,000000;-1,000000;-1,000000;-1,000000;0,000000;0,000000;0,000000;0,000000;0,000000;0,000000;0,000000;0,000000;0,000000;0,000000;0,000000;0,000000;0,000000;0,000000;0,000000;0,000000;0,000000;0,000000;0,000000;0,000000;0,000000;0,000000;0,000000;0,000000;0,000000;0,000000;0,000000;0,000000;0,000000;0,000000;0,000000;0,000000;0,000000;0,000000;0,000000;0,000000;0,000000;0,000000;0,000000;0,000000;134,333333;134,333333;134,333333;134,333333;134,333333;192,750000;192,750000;192,750000;192,750000;192,750000;195,500000;195,500000;195,500000;195,500000;195,500000;195,500000;195,500000;195,500000;195,500000;195,500000;195,500000;195,500000;195,500000;195,500000;195,500000;186,714286;186,714286;186,714286;186,714286;186,714286;186,714286;186,714286;186,714286;186,714286;186,714286;186,714286;186,714286;186,714286;186,714286;186,714286;186,714286;186,714286;186,714286;186,714286;186,714286;214,750000;214,750000;214,750000;214,750000;214,750000;184,900000;184,900000;184,900000;184,900000;184,900000;184,900000;184,900000;184,900000;184,900000;184,900000;231,076923;231,076923;231,076923;231,076923;231,076923;231,076923;231,076923;231,076923;231,076923;231,076923;214,571429;214,571429;214,571429;214,571429;214,571429;214,571429;214,571429;214,571429;214,571429;214,571429;214,571429;214,571429;214,571429;214,571429;214,571429;200,266667;200,266667;200,266667;200,266667;200,266667;200,266667;200,266667;200,266667;200,266667;200,266667;213,529412;213,529412;213,529412;213,529412;213,529412;213,529412;213,529412;213,529412;213,529412;213,529412;211,684211;211,684211;211,684211;211,684211;211,684211;211,684211;211,684211;211,684211;211,684211;211,684211;201,100000;201,100000;201,100000;201,100000;201,100000;201,100000;201,100000;201,100000;201,100000;201,100000;201,100000;201,100000;201,100000;201,100000;201,100000;237,272727;237,272727;237,272727;
-1,000000;-1,000000;-1,000000;-1,000000;-1,000000;-1,000000;-1,000000;-1,000000;-1,000000;-1,000000;-1,000000;0,000000;0,000000;0,000000;0,000000;0,000000;0,000000;0,000000;0,000000;0,000000;0,000000;0,000000;0,000000;0,000000;0,000000;0,000000;18,333333;18,333333;18,333333;18,333333;18,333333;18,333333;18,333333;18,333333;18,333333;18,333333;18,333333;18,333333;18,333333;18,333333;18,333333;18,333333;18,333333;18,333333;18,333333;18,333333;13,750000;13,750000;13,750000;13,750000;13,750000;11,000000;11,000000;11,000000;11,000000;11,000000;9,166667;9,166667;9,166667;9,166667;9,166667;9,166667;9,166667;9,166667;9,166667;9,166667;9,166667;9,166667;9,166667;9,166667;9,166667;9,166667;9,166667;9,166667;9,166667;9,166667;9,166667;9,166667;9,166667;9,166667;9,166667;9,166667;9,166667;9,166667;9,166667;9,166667;95,285714;95,285714;95,285714;95,285714;95,285714;95,285714;95,285714;95,285714;95,285714;95,285714;134,000000;134,000000;134,000000;134,000000;134,000000;134,000000;134,000000;134,000000;134,000000;134,000000;134,000000;134,000000;134,000000;134,000000;134,000000;134,000000;134,000000;134,000000;134,000000;134,000000;134,000000;134,000000;134,000000;134,000000;134,000000;134,000000;134,000000;134,000000;134,000000;134,000000;134,000000;134,000000;134,000000;134,000000;134,000000;150,777778;150,777778;150,777778;150,777778;150,777778;150,777778;150,777778;150,777778;150,777778;150,777778;159,300000;159,300000;159,300000;159,300000;159,300000;210,363636;210,363636;210,363636;210,363636;210,363636;210,363636;210,363636;210,363636;210,363636;210,363636;210,363636;210,363636;210,363636;210,363636;210,363636;210,363636;210,363636;210,363636;210,363636;210,363636;210,363636;210,363636;210,363636;210,363636;210,363636;199,500000;199,500000;199,500000;199,500000;199,500000;243,769231;243,769231;243,769231;243,769231;243,769231;269,714286;269,714286;269,714286;269,714286;269,714286;269,714286;269,714286;269,714286;269,714286;269,714286;269,714286;269,714286;269,714286;269,714286;269,714286;269,714286;269,714286;269,714286;
-1,000000;-1,000000;-1,000000;-1,000000;-1,000000;-1,000000;-1,000000;-1,000000;-1,000000;-1,000000;-1,000000;-1,000000;-1,000000;-1,000000;-1,000000;-1,000000;-1,000000;-1,000000;-1,000000;-1,000000;-1,000000;-1,000000;-1,000000;-1,000000;-1,000000;-1,000000;146,000000;146,000000;146,000000;146,000000;146,000000;146,000000;146,000000;146,000000;146,000000;146,000000;146,000000;146,000000;146,000000;146,000000;146,000000;146,000000;146,000000;146,000000;146,000000;146,000000;146,000000;146,000000;146,000000;146,000000;146,000000;146,000000;146,000000;146,000000;146,000000;146,000000;73,000000;73,000000;73,000000;73,000000;73,000000;48,666667;48,666667;48,666667;48,666667;48,666667;196,800000;196,800000;196,800000;196,800000;196,800000;196,800000;196,800000;196,800000;196,800000;196,800000;278,000000;278,000000;278,000000;278,000000;278,000000;278,000000;278,000000;278,000000;278,000000;278,000000;238,285714;238,285714;238,285714;238,285714;238,285714;208,500000;208,500000;208,500000;208,500000;208,500000;208,500000;208,500000;208,500000;208,500000;208,500000;208,500000;208,500000;208,500000;208,500000;208,500000;263,222222;263,222222;263,222222;263,222222;263,222222;263,222222;263,222222;263,222222;263,222222;263,222222;263,222222;263,222222;263,222222;263,222222;263,222222;263,222222;263,222222;263,222222;263,222222;263,222222;274,300000;274,300000;274,300000;274,300000;274,300000;277,545455;277,545455;277,545455;277,545455;277,545455;254,416667;254,416667;254,416667;254,416667;254,416667;254,416667;254,416667;254,416667;254,416667;254,416667;284,307692;284,307692;284,307692;284,307692;284,307692;264,214286;264,214286;264,214286;264,214286;264,214286;264,214286;264,214286;264,214286;264,214286;264,214286;264,214286;264,214286;264,214286;264,214286;264,214286;270,266667;270,266667;270,266667;270,266667;270,266667;270,266667;270,266667;270,266667;270,266667;270,266667;272,125000;272,125000;272,125000;272,125000;272,125000;272,125000;272,125000;272,125000;272,125000;272,125000;294,705882;294,705882;294,705882;294,705882;294,705882;294,705882;294,705882;294,705882;294,705882;294,705882;294,705882;294,705882;294,705882;
-1,000000;-1,000000;-1,000000;-1,000000;-1,000000;-1,000000;-1,000000;-1,000000;-1,000000;-1,000000;-1,000000;0,000000;0,000000;0,000000;0,000000;0,000000;194,666667;194,666667;194,666667;194,666667;194,666667;220,750000;220,750000;220,750000;220,750000;220,750000;285,800000;285,800000;285,800000;285,800000;285,800000;285,800000;285,800000;285,800000;285,800000;285,800000;285,800000;285,800000;285,800000;285,800000;285,800000;238,166667;238,166667;238,166667;238,166667;238,166667;238,166667;238,166667;238,166667;238,166667;238,166667;238,166667;238,166667;238,166667;238,166667;238,166667;238,166667;238,166667;238,166667;238,166667;238,166667;238,166667;238,166667;238,166667;238,166667;238,166667;238,166667;238,166667;238,166667;238,166667;238,166667;238,166667;238,166667;238,166667;238,166667;238,166667;238,166667;238,166667;238,166667;238,166667;238,166667;238,166667;238,166667;238,166667;238,166667;238,166667;224,285714;224,285714;224,285714;224,285714;224,285714;224,285714;224,285714;224,285714;224,285714;224,285714;196,250000;196,250000;196,250000;196,250000;196,250000;212,800000;212,800000;212,800000;212,800000;212,800000;212,800000;212,800000;212,800000;212,800000;212,800000;212,800000;212,800000;212,800000;212,800000;212,800000;212,800000;212,800000;212,800000;212,800000;212,800000;212,800000;212,800000;212,800000;212,800000;212,800000;272,583333;272,583333;272,583333;272,583333;272,583333;251,615385;251,615385;251,615385;251,615385;251,615385;251,615385;251,615385;251,615385;251,615385;251,615385;251,615385;251,615385;251,615385;251,615385;251,615385;251,615385;251,615385;251,615385;251,615385;251,615385;251,615385;251,615385;251,615385;251,615385;251,615385;251,615385;251,615385;251,615385;251,615385;251,615385;251,615385;251,615385;251,615385;251,615385;251,615385;251,615385;251,615385;251,615385;251,615385;251,615385;251,615385;251,615385;251,615385;251,615385;251,615385;251,615385;251,615385;251,615385;251,615385;251,615385;251,615385;251,615385;251,615385;251,615385;251,615385;251,615385;251,615385;251,615385;251,615385;251,615385;251,615385;251,615385;251,615385;251,615385;251,615385;241,428571;241,428571;241,428571;
-1,000000;-1,000000;-1,000000;-1,000000;-1,000000;-1,000000;939,000000;939,000000;939,000000;939,000000;939,000000;472,000000;472,000000;472,000000;472,000000;472,000000;483,000000;483,000000;483,000000;483,000000;483,000000;386,400000;386,400000;386,400000;386,400000;386,400000;386,400000;386,400000;386,400000;386,400000;386,400000;386,400000;386,400000;386,400000;386,400000;386,400000;386,400000;386,400000;386,400000;386,400000;386,400000;322,000000;322,000000;322,000000;322,000000;322,000000;322,000000;322,000000;322,000000;322,000000;322,000000;322,000000;322,000000;322,000000;322,000000;322,000000;322,000000;322,000000;322,000000;322,000000;322,000000;280,285714;280,285714;280,285714;280,285714;280,285714;280,285714;280,285714;280,285714;280,285714;280,285714;280,285714;280,285714;280,285714;280,285714;280,285714;259,000000;259,000000;259,000000;259,000000;259,000000;235,454545;235,454545;235,454545;235,454545;235,454545;235,454545;235,454545;235,454545;235,454545;235,454545;235,454545;235,454545;235,454545;235,454545;235,454545;235,454545;235,454545;235,454545;235,454545;235,454545;215,833333;215,833333;215,833333;215,833333;215,833333;215,833333;215,833333;215,833333;215,833333;215,833333;204,000000;204,000000;204,000000;204,000000;204,000000;204,000000;204,000000;204,000000;204,000000;204,000000;204,000000;204,000000;204,000000;204,000000;204,000000;204,000000;204,000000;204,000000;204,000000;204,000000;189,428571;189,428571;189,428571;189,428571;189,428571;176,800000;176,800000;176,800000;176,800000;176,800000;176,800000;176,800000;176,800000;176,800000;176,800000;165,750000;165,750000;165,750000;165,750000;165,750000;165,750000;165,750000;165,750000;165,750000;165,750000;165,750000;165,750000;165,750000;165,750000;165,750000;165,750000;165,750000;165,750000;165,750000;165,750000;165,750000;165,750000;165,750000;165,750000;165,750000;191,058824;191,058824;191,058824;191,058824;191,058824;191,058824;191,058824;191,058824;191,058824;191,058824;211,777778;211,777778;211,777778;211,777778;211,777778;211,777778;211,777778;211,777778;211,777778;211,777778;211,777778;211,777778;211,777778;211,777778;211,777778;211,777778;211,777778;211,777778;
-1,000000;-1,000000;-1,000000;-1,000000;-1,000000;-1,000000;-1,000000;-1,000000;-1,000000;-1,000000;-1,000000;-1,000000;-1,000000;-1,000000;-1,000000;-1,000000;-1,000000;-1,000000;-1,000000;-1,000000;-1,000000;-1,000000;-1,000000;-1,000000;-1,000000;-1,000000;-1,000000;-1,000000;-1,000000;-1,000000;-1,000000;-1,000000;-1,000000;-1,000000;-1,000000;-1,000000;-1,000000;-1,000000;-1,000000;-1,000000;-1,000000;-1,000000;-1,000000;-1,000000;-1,000000;-1,000000;-1,000000;-1,000000;-1,000000;-1,000000;-1,000000;-1,000000;-1,000000;-1,000000;-1,000000;-1,000000;-1,000000;-1,000000;-1,000000;-1,000000;-1,000000;-1,000000;-1,000000;-1,000000;-1,000000;-1,000000;-1,000000;-1,000000;-1,000000;-1,000000;-1,000000;-1,000000;-1,000000;-1,000000;-1,000000;-1,000000;0,000000;0,000000;0,000000;0,000000;0,000000;0,000000;0,000000;0,000000;0,000000;0,000000;0,000000;0,000000;0,000000;0,000000;0,000000;0,000000;0,000000;0,000000;0,000000;0,000000;54,000000;54,000000;54,000000;54,000000;54,000000;54,000000;54,000000;54,000000;54,000000;54,000000;54,000000;54,000000;54,000000;54,000000;54,000000;54,000000;54,000000;54,000000;54,000000;54,000000;54,000000;54,000000;54,000000;54,000000;54,000000;54,000000;54,000000;54,000000;54,000000;54,000000;54,000000;54,000000;54,000000;54,000000;54,000000;54,000000;54,000000;54,000000;54,000000;54,000000;54,000000;54,000000;54,000000;54,000000;54,000000;54,000000;54,000000;54,000000;54,000000;54,000000;54,000000;54,000000;54,000000;54,000000;54,000000;54,000000;54,000000;54,000000;54,000000;54,000000;54,000000;54,000000;54,000000;54,000000;54,000000;54,000000;54,000000;54,000000;54,000000;54,000000;54,000000;54,000000;54,000000;54,000000;54,000000;54,000000;54,000000;54,000000;54,000000;54,000000;54,000000;54,000000;54,000000;54,000000;54,000000;172,000000;172,000000;172,000000;172,000000;172,000000;172,000000;172,000000;172,000000;172,000000;172,000000;103,200000;103,200000;103,200000;103,200000;103,200000;137,666667;137,666667;137,666667;
-1,000000;-1,000000;-1,000000;-1,000000;-1,000000;-1,000000;0,000000;0,000000;0,000000;0,000000;0,000000;0,000000;0,000000;0,000000;0,000000;0,000000;0,000000;0,000000;0,000000;0,000000;0,000000;0,000000;0,000000;0,000000;0,000000;0,000000;0,000000;0,000000;0,000000;0,000000;0,000000;0,000000;0,000000;0,000000;0,000000;0,000000;0,000000;0,000000;0,000000;0,000000;0,000000;0,000000;0,000000;0,000000;0,000000;0,000000;0,000000;0,000000;0,000000;0,000000;0,000000;99,666667;99,666667;99,666667;99,666667;99,666667;104,500000;104,500000;104,500000;104,500000;104,500000;264,800000;264,800000;264,800000;264,800000;264,800000;264,800000;264,800000;264,800000;264,800000;264,800000;264,800000;264,800000;264,800000;264,800000;264,800000;262,000000;262,000000;262,000000;262,000000;262,000000;316,714286;316,714286;316,714286;316,714286;316,714286;307,750000;307,750000;307,750000;307,750000;307,750000;307,750000;307,750000;307,750000;307,750000;307,750000;307,750000;307,750000;307,750000;307,750000;307,750000;307,750000;307,750000;307,750000;307,750000;307,750000;307,750000;307,750000;307,750000;307,750000;307,750000;307,750000;307,750000;307,750000;307,750000;307,750000;307,750000;307,750000;307,750000;307,750000;307,750000;326,333333;326,333333;326,333333;326,333333;326,333333;326,333333;326,333333;326,333333;326,333333;326,333333;326,333333;326,333333;326,333333;326,333333;326,333333;293,700000;293,700000;293,700000;293,700000;293,700000;298,916667;298,916667;298,916667;298,916667;298,916667;298,916667;298,916667;298,916667;298,916667;298,916667;307,153846;307,153846;307,153846;307,153846;307,153846;307,153846;307,153846;307,153846;307,153846;307,153846;307,153846;307,153846;307,153846;307,153846;307,153846;307,153846;307,153846;307,153846;307,153846;307,153846;307,153846;307,153846;307,153846;307,153846;307,153846;317,571429;317,571429;317,571429;317,571429;317,571429;317,571429;317,571429;317,571429;317,571429;317,571429;338,266667;338,266667;338,266667;338,266667;338,266667;349,437500;349,437500;349,437500;349,437500;349,437500;349,437500;349,437500;349,437500;
-1,000000;-1,000000;-1,000000;-1,000000;-1,000000;-1,000000;-1,000000;-1,000000;-1,000000;-1,000000;-1,000000;0,000000;0,000000;0,000000;0,000000;0,000000;0,000000;0,000000;0,000000;0,000000;0,000000;0,000000;0,000000;0,000000;0,000000;0,000000;0,000000;0,000000;0,000000;0,000000;0,000000;0,000000;0,000000;0,000000;0,000000;0,000000;0,000000;0,000000;0,000000;0,000000;0,000000;0,000000;0,000000;0,000000;0,000000;0,000000;0,000000;0,000000;0,000000;0,000000;0,000000;0,000000;0,000000;0,000000;0,000000;0,000000;68,000000;68,000000;68,000000;68,000000;68,000000;151,200000;151,200000;151,200000;151,200000;151,200000;126,000000;126,000000;126,000000;126,000000;126,000000;208,142857;208,142857;208,142857;208,142857;208,142857;208,142857;208,142857;208,142857;208,142857;208,142857;182,125000;182,125000;182,125000;182,125000;182,125000;182,125000;182,125000;182,125000;182,125000;182,125000;161,888889;161,888889;161,888889;161,888889;161,888889;188,900000;188,900000;188,900000;188,900000;188,900000;171,727273;171,727273;171,727273;171,727273;171,727273;171,727273;171,727273;171,727273;171,727273;171,727273;171,727273;171,727273;171,727273;171,727273;171,727273;211,250000;211,250000;211,250000;211,250000;211,250000;211,250000;211,250000;211,250000;211,250000;211,250000;211,250000;211,250000;211,250000;211,250000;211,250000;211,250000;211,250000;211,250000;211,250000;211,250000;211,250000;211,250000;211,250000;211,250000;211,250000;186,000000;186,000000;186,000000;186,000000;186,000000;186,000000;186,000000;186,000000;186,000000;186,000000;228,125000;228,125000;228,125000;228,125000;228,125000;228,125000;228,125000;228,125000;228,125000;228,125000;228,125000;228,125000;228,125000;228,125000;228,125000;214,705882;214,705882;214,705882;214,705882;214,705882;197,736842;197,736842;197,736842;197,736842;197,736842;197,736842;197,736842;197,736842;197,736842;197,736842;212,050000;212,050000;212,050000;212,050000;212,050000;212,050000;212,050000;212,050000;212,050000;212,050000;212,050000;212,050000;212,050000;212,050000;212,050000;212,050000;212,050000;212,050000;
-1,000000;-1,000000;-1,000000;-1,000000;-1,000000;-1,000000;-1,000000;-1,000000;-1,000000;-1,000000;-1,000000;-1,000000;-1,000000;-1,000000;-1,000000;-1,000000;-1,000000;-1,000000;-1,000000;-1,000000;-1,000000;73,000000;73,000000;73,000000;73,000000;73,000000;73,000000;73,000000;73,000000;73,000000;73,000000;36,500000;36,500000;36,500000;36,500000;36,500000;36,500000;36,500000;36,500000;36,500000;36,500000;36,500000;36,500000;36,500000;36,500000;36,500000;36,500000;36,500000;36,500000;36,500000;36,500000;152,000000;152,000000;152,000000;152,000000;152,000000;377,400000;377,400000;377,400000;377,400000;377,400000;377,400000;377,400000;377,400000;377,400000;377,400000;377,400000;377,400000;377,400000;377,400000;377,400000;314,500000;314,500000;314,500000;314,500000;314,500000;226,777778;226,777778;226,777778;226,777778;226,777778;226,777778;226,777778;226,777778;226,777778;226,777778;226,777778;226,777778;226,777778;226,777778;226,777778;226,777778;226,777778;226,777778;226,777778;226,777778;275,000000;275,000000;275,000000;275,000000;275,000000;275,000000;275,000000;275,000000;275,000000;275,000000;275,000000;275,000000;275,000000;275,000000;275,000000;275,000000;275,000000;275,000000;275,000000;275,000000;275,000000;275,000000;275,000000;275,000000;275,000000;250,000000;250,000000;250,000000;250,000000;250,000000;250,000000;250,000000;250,000000;250,000000;250,000000;250,000000;250,000000;250,000000;250,000000;250,000000;250,000000;250,000000;250,000000;250,000000;250,000000;250,000000;250,000000;250,000000;250,000000;250,000000;250,000000;250,000000;250,000000;250,000000;250,000000;250,000000;250,000000;250,000000;250,000000;250,000000;250,000000;250,000000;250,000000;250,000000;250,000000;250,000000;250,000000;250,000000;250,000000;250,000000;250,000000;250,000000;250,000000;250,000000;250,000000;250,000000;250,000000;250,000000;250,000000;250,000000;250,000000;250,000000;250,000000;250,000000;250,000000;250,000000;250,000000;250,000000;250,000000;250,000000;250,000000;250,000000;250,000000;250,000000;250,000000;250,000000;250,000000;250,000000;250,000000;250,000000;250,000000;250,000000;250,000000;
-1,000000;-1,000000;-1,000000;-1,000000;-1,000000;-1,000000;-1,000000;-1,000000;-1,000000;-1,000000;-1,000000;136,000000;136,000000;136,000000;136,000000;136,000000;136,000000;136,000000;136,000000;136,000000;136,000000;136,000000;136,000000;136,000000;136,000000;136,000000;136,000000;136,000000;136,000000;136,000000;136,000000;136,000000;136,000000;136,000000;136,000000;136,000000;136,000000;136,000000;136,000000;136,000000;136,000000;136,000000;136,000000;136,000000;136,000000;136,000000;136,000000;136,000000;136,000000;136,000000;136,000000;160,000000;160,000000;160,000000;160,000000;160,000000;160,000000;160,000000;160,000000;160,000000;160,000000;160,000000;160,000000;160,000000;160,000000;160,000000;160,000000;160,000000;160,000000;160,000000;160,000000;160,000000;160,000000;160,000000;160,000000;160,000000;160,000000;160,000000;160,000000;160,000000;160,000000;200,666667;200,666667;200,666667;200,666667;200,666667;200,666667;200,666667;200,666667;200,666667;200,666667;200,666667;200,666667;200,666667;200,666667;200,666667;218,500000;218,500000;218,500000;218,500000;218,500000;218,500000;218,500000;218,500000;218,500000;218,500000;218,500000;218,500000;218,500000;218,500000;218,500000;204,400000;204,400000;204,400000;204,400000;204,400000;204,400000;204,400000;204,400000;204,400000;204,400000;170,333333;170,333333;170,333333;170,333333;170,333333;170,333333;170,333333;170,333333;170,333333;170,333333;170,333333;170,333333;170,333333;170,333333;170,333333;216,000000;216,000000;216,000000;216,000000;216,000000;216,000000;216,000000;216,000000;216,000000;216,000000;265,000000;265,000000;265,000000;265,000000;265,000000;289,777778;289,777778;289,777778;289,777778;289,777778;289,777778;289,777778;289,777778;289,777778;289,777778;289,777778;289,777778;289,777778;289,777778;289,777778;260,800000;260,800000;260,800000;260,800000;260,800000;260,800000;260,800000;260,800000;260,800000;260,800000;260,800000;260,800000;260,800000;260,800000;260,800000;272,583333;272,583333;272,583333;272,583333;272,583333;295,153846;295,153846;295,153846;295,153846;295,153846;295,153846;295,153846;295,153846;295,153846;295,153846;295,153846;295,153846;295,153846;
-1,000000;-1,000000;-1,000000;-1,000000;-1,000000;-1,000000;-1,000000;-1,000000;-1,000000;-1,000000;-1,000000;526,000000;526,000000;526,000000;526,000000;526,000000;526,000000;526,000000;526,000000;526,000000;526,000000;526,000000;526,000000;526,000000;526,000000;526,000000;526,000000;526,000000;526,000000;526,000000;526,000000;526,000000;526,000000;526,000000;526,000000;526,000000;588,000000;588,000000;588,000000;588,000000;588,000000;588,000000;588,000000;588,000000;588,000000;588,000000;588,000000;588,000000;588,000000;588,000000;588,000000;588,000000;588,000000;588,000000;588,000000;588,000000;392,000000;392,000000;392,000000;392,000000;392,000000;392,000000;392,000000;392,000000;392,000000;392,000000;294,000000;294,000000;294,000000;294,000000;294,000000;294,000000;294,000000;294,000000;294,000000;294,000000;302,200000;302,200000;302,200000;302,200000;302,200000;245,714286;245,714286;245,714286;245,714286;245,714286;264,875000;264,875000;264,875000;264,875000;264,875000;235,444444;235,444444;235,444444;235,444444;235,444444;255,400000;255,400000;255,400000;255,400000;255,400000;255,400000;255,400000;255,400000;255,400000;255,400000;232,181818;232,181818;232,181818;232,181818;232,181818;255,666667;255,666667;255,666667;255,666667;255,666667;255,666667;255,666667;255,666667;255,666667;255,666667;255,666667;255,666667;255,666667;255,666667;255,666667;255,666667;255,666667;255,666667;255,666667;255,666667;255,666667;255,666667;255,666667;255,666667;255,666667;255,666667;255,666667;255,666667;255,666667;255,666667;255,666667;255,666667;255,666667;255,666667;255,666667;245,538462;245,538462;245,538462;245,538462;245,538462;245,538462;245,538462;245,538462;245,538462;245,538462;245,538462;245,538462;245,538462;245,538462;245,538462;245,538462;245,538462;245,538462;245,538462;245,538462;245,538462;245,538462;245,538462;245,538462;245,538462;245,538462;245,538462;245,538462;245,538462;245,538462;245,538462;245,538462;245,538462;245,538462;245,538462;245,538462;245,538462;245,538462;245,538462;245,538462;277,312500;277,312500;277,312500;277,312500;277,312500;277,312500;277,312500;277,312500;277,312500;277,312500;277,312500;277,312500;277,312500;
-1,000000;-1,000000;-1,000000;-1,000000;-1,000000;-1,000000;-1,000000;-1,000000;-1,000000;-1,000000;-1,000000;-1,000000;-1,000000;-1,000000;-1,000000;-1,000000;-1,000000;-1,000000;-1,000000;-1,000000;-1,000000;0,000000;0,000000;0,000000;0,000000;0,000000;39,500000;39,500000;39,500000;39,500000;39,500000;39,500000;39,500000;39,500000;39,500000;39,500000;39,500000;39,500000;39,500000;39,500000;39,500000;531,000000;531,000000;531,000000;531,000000;531,000000;503,200000;503,200000;503,200000;503,200000;503,200000;503,200000;503,200000;503,200000;503,200000;503,200000;393,571429;393,571429;393,571429;393,571429;393,571429;433,125000;433,125000;433,125000;433,125000;433,125000;467,000000;467,000000;467,000000;467,000000;467,000000;420,300000;420,300000;420,300000;420,300000;420,300000;420,300000;420,300000;420,300000;420,300000;420,300000;420,300000;420,300000;420,300000;420,300000;420,300000;430,583333;430,583333;430,583333;430,583333;430,583333;397,923077;397,923077;397,923077;397,923077;397,923077;397,923077;397,923077;397,923077;397,923077;397,923077;397,923077;397,923077;397,923077;397,923077;397,923077;397,923077;397,923077;397,923077;397,923077;397,923077;397,923077;397,923077;397,923077;397,923077;397,923077;397,923077;397,923077;397,923077;397,923077;397,923077;369,500000;369,500000;369,500000;369,500000;369,500000;369,500000;369,500000;369,500000;369,500000;369,500000;364,400000;364,400000;364,400000;364,400000;364,400000;364,400000;364,400000;364,400000;364,400000;364,400000;373,312500;373,312500;373,312500;373,312500;373,312500;373,312500;373,312500;373,312500;373,312500;373,312500;405,352941;405,352941;405,352941;405,352941;405,352941;405,352941;405,352941;405,352941;405,352941;405,352941;393,166667;393,166667;393,166667;393,166667;393,166667;372,473684;372,473684;372,473684;372,473684;372,473684;372,473684;372,473684;372,473684;372,473684;372,473684;372,473684;372,473684;372,473684;372,473684;372,473684;362,714286;362,714286;362,714286;362,714286;362,714286;362,714286;362,714286;362,714286;362,714286;362,714286;360,045455;360,045455;360,045455;360,045455;360,045455;360,045455;360,045455;360,045455;
-1,000000;-1,000000;-1,000000;-1,000000;-1,000000;-1,000000;-1,000000;-1,000000;-1,000000;-1,000000;-1,000000;-1,000000;-1,000000;-1,000000;-1,000000;-1,000000;-1,000000;-1,000000;-1,000000;-1,000000;-1,000000;865,000000;865,000000;865,000000;865,000000;865,000000;865,000000;865,000000;865,000000;865,000000;865,000000;865,000000;865,000000;865,000000;865,000000;865,000000;865,000000;865,000000;865,000000;865,000000;865,000000;478,000000;478,000000;478,000000;478,000000;478,000000;478,000000;478,000000;478,000000;478,000000;478,000000;478,000000;478,000000;478,000000;478,000000;478,000000;318,666667;318,666667;318,666667;318,666667;318,666667;318,666667;318,666667;318,666667;318,666667;318,666667;318,666667;318,666667;318,666667;318,666667;318,666667;318,666667;318,666667;318,666667;318,666667;318,666667;318,666667;318,666667;318,666667;318,666667;318,666667;318,666667;318,666667;318,666667;318,666667;318,666667;318,666667;318,666667;318,666667;318,666667;318,666667;374,000000;374,000000;374,000000;374,000000;374,000000;374,000000;374,000000;374,000000;374,000000;374,000000;299,200000;299,200000;299,200000;299,200000;299,200000;330,166667;330,166667;330,166667;330,166667;330,166667;330,166667;330,166667;330,166667;330,166667;330,166667;330,166667;330,166667;330,166667;330,166667;330,166667;330,166667;330,166667;330,166667;330,166667;330,166667;330,166667;330,166667;330,166667;330,166667;330,166667;412,857143;412,857143;412,857143;412,857143;412,857143;412,857143;412,857143;412,857143;412,857143;412,857143;412,857143;412,857143;412,857143;412,857143;412,857143;412,857143;412,857143;412,857143;412,857143;412,857143;412,857143;412,857143;412,857143;412,857143;412,857143;412,857143;412,857143;412,857143;412,857143;412,857143;386,777778;386,777778;386,777778;386,777778;386,777778;348,100000;348,100000;348,100000;348,100000;348,100000;348,100000;348,100000;348,100000;348,100000;348,100000;325,545455;325,545455;325,545455;325,545455;325,545455;325,545455;325,545455;325,545455;325,545455;325,545455;325,545455;325,545455;325,545455;325,545455;325,545455;325,545455;325,545455;325,545455;325,545455;325,545455;434,230769;434,230769;434,230769;
-1,000000;-1,000000;-1,000000;-1,000000;-1,000000;-1,000000;174,000000;174,000000;174,000000;174,000000;174,000000;87,000000;87,000000;87,000000;87,000000;87,000000;87,000000;87,000000;87,000000;87,000000;87,000000;58,000000;58,000000;58,000000;58,000000;58,000000;58,000000;58,000000;58,000000;58,000000;58,000000;58,000000;58,000000;58,000000;58,000000;58,000000;58,000000;58,000000;58,000000;58,000000;58,000000;58,000000;58,000000;58,000000;58,000000;58,000000;43,500000;43,500000;43,500000;43,500000;43,500000;43,500000;43,500000;43,500000;43,500000;43,500000;43,500000;43,500000;43,500000;43,500000;43,500000;43,500000;43,500000;43,500000;43,500000;43,500000;94,000000;94,000000;94,000000;94,000000;94,000000;94,000000;94,000000;94,000000;94,000000;94,000000;94,000000;94,000000;94,000000;94,000000;94,000000;94,000000;94,000000;94,000000;94,000000;94,000000;163,666667;163,666667;163,666667;163,666667;163,666667;163,666667;163,666667;163,666667;163,666667;163,666667;163,666667;163,666667;163,666667;163,666667;163,666667;163,666667;163,666667;163,666667;163,666667;163,666667;219,428571;219,428571;219,428571;219,428571;219,428571;219,428571;219,428571;219,428571;219,428571;219,428571;219,428571;219,428571;219,428571;219,428571;219,428571;219,428571;219,428571;219,428571;219,428571;219,428571;192,000000;192,000000;192,000000;192,000000;192,000000;201,888889;201,888889;201,888889;201,888889;201,888889;187,000000;187,000000;187,000000;187,000000;187,000000;187,000000;187,000000;187,000000;187,000000;187,000000;187,000000;187,000000;187,000000;187,000000;187,000000;187,000000;187,000000;187,000000;187,000000;187,000000;187,000000;187,000000;187,000000;187,000000;187,000000;212,363636;212,363636;212,363636;212,363636;212,363636;222,166667;222,166667;222,166667;222,166667;222,166667;222,166667;222,166667;222,166667;222,166667;222,166667;222,166667;222,166667;222,166667;222,166667;222,166667;230,461538;230,461538;230,461538;230,461538;230,461538;267,571429;267,571429;267,571429;267,571429;267,571429;267,571429;267,571429;267,571429;267,571429;267,571429;280,333333;280,333333;280,333333;
-1,000000;-1,000000;-1,000000;-1,000000;-1,000000;-1,000000;-1,000000;-1,000000;-1,000000;-1,000000;-1,000000;456,000000;456,000000;456,000000;456,000000;456,000000;456,000000;456,000000;456,000000;456,000000;456,000000;456,000000;456,000000;456,000000;456,000000;456,000000;228,000000;228,000000;228,000000;228,000000;228,000000;228,000000;228,000000;228,000000;228,000000;228,000000;228,000000;228,000000;228,000000;228,000000;228,000000;318,333333;318,333333;318,333333;318,333333;318,333333;326,500000;326,500000;326,500000;326,500000;326,500000;326,500000;326,500000;326,500000;326,500000;326,500000;326,500000;326,500000;326,500000;326,500000;326,500000;321,000000;321,000000;321,000000;321,000000;321,000000;321,000000;321,000000;321,000000;321,000000;321,000000;267,500000;267,500000;267,500000;267,500000;267,500000;267,571429;267,571429;267,571429;267,571429;267,571429;267,571429;267,571429;267,571429;267,571429;267,571429;267,571429;267,571429;267,571429;267,571429;267,571429;216,555556;216,555556;216,555556;216,555556;216,555556;216,555556;216,555556;216,555556;216,555556;216,555556;196,900000;196,900000;196,900000;196,900000;196,900000;196,900000;196,900000;196,900000;196,900000;196,900000;196,900000;196,900000;196,900000;196,900000;196,900000;234,818182;234,818182;234,818182;234,818182;234,818182;234,818182;234,818182;234,818182;234,818182;234,818182;264,250000;264,250000;264,250000;264,250000;264,250000;264,250000;264,250000;264,250000;264,250000;264,250000;264,250000;264,250000;264,250000;264,250000;264,250000;264,250000;264,250000;264,250000;264,250000;264,250000;278,076923;278,076923;278,076923;278,076923;278,076923;278,076923;278,076923;278,076923;278,076923;278,076923;249,933333;249,933333;249,933333;249,933333;249,933333;249,933333;249,933333;249,933333;249,933333;249,933333;234,312500;234,312500;234,312500;234,312500;234,312500;234,312500;234,312500;234,312500;234,312500;234,312500;234,312500;234,312500;234,312500;234,312500;234,312500;255,705882;255,705882;255,705882;255,705882;255,705882;255,705882;255,705882;255,705882;255,705882;255,705882;300,833333;300,833333;300,833333;300,833333;300,833333;317,700000;317,700000;317,700000;
-1,000000;-1,000000;-1,000000;-1,000000;-1,000000;-1,000000;-1,000000;-1,000000;-1,000000;-1,000000;-1,000000;-1,000000;-1,000000;-1,000000;-1,000000;-1,000000;-1,000000;-1,000000;-1,000000;-1,000000;-1,000000;-1,000000;-1,000000;-1,000000;-1,000000;-1,000000;-1,000000;-1,000000;-1,000000;-1,000000;-1,000000;-1,000000;-1,000000;-1,000000;-1,000000;-1,000000;372,000000;372,000000;372,000000;372,000000;372,000000;442,000000;442,000000;442,000000;442,000000;442,000000;442,000000;442,000000;442,000000;442,000000;442,000000;442,000000;442,000000;442,000000;442,000000;442,000000;294,666667;294,666667;294,666667;294,666667;294,666667;337,500000;337,500000;337,500000;337,500000;337,500000;337,500000;337,500000;337,500000;337,500000;337,500000;337,500000;337,500000;337,500000;337,500000;337,500000;287,200000;287,200000;287,200000;287,200000;287,200000;239,333333;239,333333;239,333333;239,333333;239,333333;239,333333;239,333333;239,333333;239,333333;239,333333;239,333333;239,333333;239,333333;239,333333;239,333333;259,142857;259,142857;259,142857;259,142857;259,142857;259,142857;259,142857;259,142857;259,142857;259,142857;259,142857;259,142857;259,142857;259,142857;259,142857;327,125000;327,125000;327,125000;327,125000;327,125000;327,125000;327,125000;327,125000;327,125000;327,125000;327,125000;327,125000;327,125000;327,125000;327,125000;327,125000;327,125000;327,125000;327,125000;327,125000;327,125000;327,125000;327,125000;327,125000;327,125000;327,125000;327,125000;327,125000;327,125000;327,125000;327,125000;327,125000;327,125000;327,125000;327,125000;327,125000;327,125000;327,125000;327,125000;327,125000;327,125000;327,125000;327,125000;327,125000;327,125000;342,222222;342,222222;342,222222;342,222222;342,222222;342,222222;342,222222;342,222222;342,222222;342,222222;342,222222;342,222222;342,222222;342,222222;342,222222;311,727273;311,727273;311,727273;311,727273;311,727273;340,250000;340,250000;340,250000;340,250000;340,250000;340,250000;340,250000;340,250000;340,250000;340,250000;340,250000;340,250000;340,250000;340,250000;340,250000;340,250000;340,250000;340,250000;340,250000;340,250000;340,250000;340,250000;340,250000;
-1,000000;-1,000000;-1,000000;-1,000000;-1,000000;-1,000000;209,000000;209,000000;209,000000;209,000000;209,000000;209,000000;209,000000;209,000000;209,000000;209,000000;209,000000;209,000000;209,000000;209,000000;209,000000;209,000000;209,000000;209,000000;209,000000;209,000000;209,000000;209,000000;209,000000;209,000000;209,000000;209,000000;209,000000;209,000000;209,000000;209,000000;163,000000;163,000000;163,000000;163,000000;163,000000;163,000000;163,000000;163,000000;163,000000;163,000000;108,666667;108,666667;108,666667;108,666667;108,666667;108,666667;108,666667;108,666667;108,666667;108,666667;108,666667;108,666667;108,666667;108,666667;108,666667;237,000000;237,000000;237,000000;237,000000;237,000000;375,800000;375,800000;375,800000;375,800000;375,800000;375,800000;375,800000;375,800000;375,800000;375,800000;375,800000;375,800000;375,800000;375,800000;375,800000;375,800000;375,800000;375,800000;375,800000;375,800000;313,166667;313,166667;313,166667;313,166667;313,166667;313,166667;313,166667;313,166667;313,166667;313,166667;313,166667;313,166667;313,166667;313,166667;313,166667;323,285714;323,285714;323,285714;323,285714;323,285714;340,000000;340,000000;340,000000;340,000000;340,000000;340,000000;340,000000;340,000000;340,000000;340,000000;313,900000;313,900000;313,900000;313,900000;313,900000;313,900000;313,900000;313,900000;313,900000;313,900000;313,900000;313,900000;313,900000;313,900000;313,900000;285,363636;285,363636;285,363636;285,363636;285,363636;285,363636;285,363636;285,363636;285,363636;285,363636;310,000000;310,000000;310,000000;310,000000;310,000000;308,857143;308,857143;308,857143;308,857143;308,857143;308,857143;308,857143;308,857143;308,857143;308,857143;330,333333;330,333333;330,333333;330,333333;330,333333;330,333333;330,333333;330,333333;330,333333;330,333333;330,333333;330,333333;330,333333;330,333333;330,333333;330,333333;330,333333;330,333333;330,333333;330,333333;330,687500;330,687500;330,687500;330,687500;330,687500;330,687500;330,687500;330,687500;330,687500;330,687500;330,687500;330,687500;330,687500;330,687500;330,687500;319,176471;319,176471;319,176471;319,176471;319,176471;325,222222;325,222222;325,222222;
-1,000000;-1,000000;-1,000000;-1,000000;-1,000000;-1,000000;-1,000000;-1,000000;-1,000000;-1,000000;-1,000000;-1,000000;-1,000000;-1,000000;-1,000000;-1,000000;-1,000000;-1,000000;-1,000000;-1,000000;-1,000000;388,500000;388,500000;388,500000;388,500000;388,500000;388,500000;388,500000;388,500000;388,500000;388,500000;392,666667;392,666667;392,666667;392,666667;392,666667;392,666667;392,666667;392,666667;392,666667;392,666667;320,000000;320,000000;320,000000;320,000000;320,000000;320,000000;320,000000;320,000000;320,000000;320,000000;320,000000;320,000000;320,000000;320,000000;320,000000;320,000000;320,000000;320,000000;320,000000;320,000000;320,000000;320,000000;320,000000;320,000000;320,000000;320,000000;320,000000;320,000000;320,000000;320,000000;320,000000;320,000000;320,000000;320,000000;320,000000;266,666667;266,666667;266,666667;266,666667;266,666667;266,666667;266,666667;266,666667;266,666667;266,666667;266,666667;266,666667;266,666667;266,666667;266,666667;266,666667;266,666667;266,666667;266,666667;266,666667;306,375000;306,375000;306,375000;306,375000;306,375000;306,375000;306,375000;306,375000;306,375000;306,375000;272,333333;272,333333;272,333333;272,333333;272,333333;272,333333;272,333333;272,333333;272,333333;272,333333;272,333333;272,333333;272,333333;272,333333;272,333333;272,333333;272,333333;272,333333;272,333333;272,333333;272,333333;272,333333;272,333333;272,333333;272,333333;272,333333;272,333333;272,333333;272,333333;272,333333;245,100000;245,100000;245,100000;245,100000;245,100000;245,100000;245,100000;245,100000;245,100000;245,100000;245,100000;245,100000;245,100000;245,100000;245,100000;245,100000;245,100000;245,100000;245,100000;245,100000;247,750000;247,750000;247,750000;247,750000;247,750000;228,692308;228,692308;228,692308;228,692308;228,692308;228,692308;228,692308;228,692308;228,692308;228,692308;228,692308;228,692308;228,692308;228,692308;228,692308;228,692308;228,692308;228,692308;228,692308;228,692308;228,692308;228,692308;228,692308;228,692308;228,692308;260,714286;260,714286;260,714286;260,714286;260,714286;281,066667;281,066667;281,066667;281,066667;281,066667;304,500000;304,500000;304,500000;
-1,000000;-1,000000;-1,000000;-1,000000;-1,000000;-1,000000;-1,000000;-1,000000;-1,000000;-1,000000;-1,000000;-1,000000;-1,000000;-1,000000;-1,000000;-1,000000;-1,000000;-1,000000;-1,000000;-1,000000;-1,000000;-1,000000;-1,000000;-1,000000;-1,000000;-1,000000;-1,000000;-1,000000;-1,000000;-1,000000;-1,000000;-1,000000;-1,000000;-1,000000;-1,000000;-1,000000;0,000000;0,000000;0,000000;0,000000;0,000000;0,000000;0,000000;0,000000;0,000000;0,000000;0,000000;0,000000;0,000000;0,000000;0,000000;0,000000;0,000000;0,000000;0,000000;0,000000;0,000000;0,000000;0,000000;0,000000;0,000000;0,000000;0,000000;0,000000;0,000000;0,000000;0,000000;0,000000;0,000000;0,000000;0,000000;153,000000;153,000000;153,000000;153,000000;153,000000;153,000000;153,000000;153,000000;153,000000;153,000000;153,000000;153,000000;153,000000;153,000000;153,000000;114,750000;114,750000;114,750000;114,750000;114,750000;114,750000;114,750000;114,750000;114,750000;114,750000;114,750000;114,750000;114,750000;114,750000;114,750000;114,750000;114,750000;114,750000;114,750000;114,750000;114,750000;114,750000;114,750000;114,750000;114,750000;114,750000;114,750000;114,750000;114,750000;114,750000;114,750000;114,750000;114,750000;114,750000;114,750000;114,750000;114,750000;114,750000;114,750000;114,750000;114,750000;114,750000;114,750000;114,750000;114,750000;91,800000;91,800000;91,800000;91,800000;91,800000;188,714286;188,714286;188,714286;188,714286;188,714286;188,714286;188,714286;188,714286;188,714286;188,714286;188,714286;188,714286;188,714286;188,714286;188,714286;188,714286;188,714286;188,714286;188,714286;188,714286;188,714286;188,714286;188,714286;188,714286;188,714286;188,714286;188,714286;188,714286;188,714286;188,714286;238,000000;238,000000;238,000000;238,000000;238,000000;238,000000;238,000000;238,000000;238,000000;238,000000;294,888889;294,888889;294,888889;294,888889;294,888889;346,200000;346,200000;346,200000;346,200000;346,200000;346,200000;346,200000;346,200000;346,200000;346,200000;346,200000;346,200000;346,200000;346,200000;346,200000;346,200000;346,200000;346,200000;
-1,000000;-1,000000;-1,000000;-1,000000;-1,000000;-1,000000;-1,000000;-1,000000;-1,000000;-1,000000;-1,000000;456,000000;456,000000;456,000000;456,000000;456,000000;228,000000;228,000000;228,000000;228,000000;228,000000;228,000000;228,000000;228,000000;228,000000;228,000000;228,000000;228,000000;228,000000;228,000000;228,000000;228,000000;228,000000;228,000000;228,000000;228,000000;228,000000;228,000000;228,000000;228,000000;228,000000;152,000000;152,000000;152,000000;152,000000;152,000000;152,000000;152,000000;152,000000;152,000000;152,000000;152,000000;152,000000;152,000000;152,000000;152,000000;152,000000;152,000000;152,000000;152,000000;152,000000;114,000000;114,000000;114,000000;114,000000;114,000000;114,000000;114,000000;114,000000;114,000000;114,000000;114,000000;114,000000;114,000000;114,000000;114,000000;114,000000;114,000000;114,000000;114,000000;114,000000;107,000000;107,000000;107,000000;107,000000;107,000000;107,000000;107,000000;107,000000;107,000000;107,000000;107,000000;107,000000;107,000000;107,000000;107,000000;107,000000;107,000000;107,000000;107,000000;107,000000;107,000000;107,000000;107,000000;107,000000;107,000000;107,000000;107,000000;107,000000;107,000000;107,000000;107,000000;107,000000;107,000000;107,000000;107,000000;107,000000;107,000000;107,000000;107,000000;107,000000;107,000000;107,000000;107,000000;107,000000;107,000000;107,000000;107,000000;107,000000;107,000000;107,000000;107,000000;107,000000;107,000000;107,000000;107,000000;148,666667;148,666667;148,666667;148,666667;148,666667;127,428571;127,428571;127,428571;127,428571;127,428571;111,500000;111,500000;111,500000;111,500000;111,500000;150,333333;150,333333;150,333333;150,333333;150,333333;251,900000;251,900000;251,900000;251,900000;251,900000;251,900000;251,900000;251,900000;251,900000;251,900000;336,727273;336,727273;336,727273;336,727273;336,727273;408,000000;408,000000;408,000000;408,000000;408,000000;394,307692;394,307692;394,307692;394,307692;394,307692;394,307692;394,307692;394,307692;394,307692;394,307692;394,307692;394,307692;394,307692;394,307692;394,307692;394,307692;394,307692;394,307692;394,307692;394,307692;401,857143;401,857143;401,857143;
-1,000000;-1,000000;-1,000000;-1,000000;-1,000000;-1,000000;-1,000000;-1,000000;-1,000000;-1,000000;-1,000000;185,000000;185,000000;185,000000;185,000000;185,000000;185,000000;185,000000;185,000000;185,000000;185,000000;185,000000;185,000000;185,000000;185,000000;185,000000;185,000000;185,000000;185,000000;185,000000;185,000000;199,000000;199,000000;199,000000;199,000000;199,000000;199,000000;199,000000;199,000000;199,000000;199,000000;199,000000;199,000000;199,000000;199,000000;199,000000;347,333333;347,333333;347,333333;347,333333;347,333333;347,333333;347,333333;347,333333;347,333333;347,333333;347,333333;347,333333;347,333333;347,333333;347,333333;347,333333;347,333333;347,333333;347,333333;347,333333;347,333333;347,333333;347,333333;347,333333;347,333333;347,333333;347,333333;347,333333;347,333333;347,333333;260,500000;260,500000;260,500000;260,500000;260,500000;260,500000;260,500000;260,500000;260,500000;260,500000;260,500000;260,500000;260,500000;260,500000;260,500000;298,800000;298,800000;298,800000;298,800000;298,800000;298,800000;298,800000;298,800000;298,800000;298,800000;298,800000;298,800000;298,800000;298,800000;298,800000;298,800000;298,800000;298,800000;298,800000;298,800000;298,800000;298,800000;298,800000;298,800000;298,800000;298,800000;298,800000;298,800000;298,800000;298,800000;298,800000;298,800000;298,800000;298,800000;298,800000;265,833333;265,833333;265,833333;265,833333;265,833333;227,857143;227,857143;227,857143;227,857143;227,857143;230,500000;230,500000;230,500000;230,500000;230,500000;230,500000;230,500000;230,500000;230,500000;230,500000;230,500000;230,500000;230,500000;230,500000;230,500000;230,500000;230,500000;230,500000;230,500000;230,500000;230,500000;230,500000;230,500000;230,500000;230,500000;230,500000;230,500000;230,500000;230,500000;230,500000;230,500000;230,500000;230,500000;230,500000;230,500000;230,500000;230,500000;230,500000;230,500000;230,500000;233,222222;233,222222;233,222222;233,222222;233,222222;211,000000;211,000000;211,000000;211,000000;211,000000;319,090909;319,090909;319,090909;319,090909;319,090909;319,090909;319,090909;319,090909;319,090909;319,090909;319,000000;319,000000;319,000000;
-1,000000;-1,000000;-1,000000;-1,000000;-1,000000;-1,000000;-1,000000;-1,000000;-1,000000;-1,000000;-1,000000;-1,000000;-1,000000;-1,000000;-1,000000;-1,000000;-1,000000;-1,000000;-1,000000;-1,000000;-1,000000;-1,000000;-1,000000;-1,000000;-1,000000;-1,000000;-1,000000;-1,000000;-1,000000;-1,000000;-1,000000;-1,000000;-1,000000;-1,000000;-1,000000;-1,000000;54,000000;54,000000;54,000000;54,000000;54,000000;54,000000;54,000000;54,000000;54,000000;54,000000;54,000000;54,000000;54,000000;54,000000;54,000000;54,000000;54,000000;54,000000;54,000000;54,000000;54,000000;54,000000;54,000000;54,000000;54,000000;54,000000;54,000000;54,000000;54,000000;54,000000;97,500000;97,500000;97,500000;97,500000;97,500000;97,500000;97,500000;97,500000;97,500000;97,500000;119,800000;119,800000;119,800000;119,800000;119,800000;119,800000;119,800000;119,800000;119,800000;119,800000;162,333333;162,333333;162,333333;162,333333;162,333333;367,714286;367,714286;367,714286;367,714286;367,714286;367,714286;367,714286;367,714286;367,714286;367,714286;367,714286;367,714286;367,714286;367,714286;367,714286;367,714286;367,714286;367,714286;367,714286;367,714286;364,625000;364,625000;364,625000;364,625000;364,625000;364,625000;364,625000;364,625000;364,625000;364,625000;324,111111;324,111111;324,111111;324,111111;324,111111;324,111111;324,111111;324,111111;324,111111;324,111111;291,700000;291,700000;291,700000;291,700000;291,700000;291,700000;291,700000;291,700000;291,700000;291,700000;291,700000;291,700000;291,700000;291,700000;291,700000;268,750000;268,750000;268,750000;268,750000;268,750000;268,750000;268,750000;268,750000;268,750000;268,750000;268,750000;268,750000;268,750000;268,750000;268,750000;268,750000;268,750000;268,750000;268,750000;268,750000;268,750000;268,750000;268,750000;268,750000;268,750000;268,750000;268,750000;268,750000;268,750000;268,750000;268,750000;268,750000;268,750000;268,750000;268,750000;268,750000;268,750000;268,750000;268,750000;268,750000;268,750000;268,750000;268,750000;268,750000;268,750000;268,750000;268,750000;268,750000;268,750000;268,750000;268,750000;268,750000;268,750000;
-1,000000;-1,000000;-1,000000;-1,000000;-1,000000;-1,000000;-1,000000;-1,000000;-1,000000;-1,000000;-1,000000;-1,000000;-1,000000;-1,000000;-1,000000;-1,000000;-1,000000;-1,000000;-1,000000;-1,000000;-1,000000;-1,000000;-1,000000;-1,000000;-1,000000;-1,000000;-1,000000;-1,000000;-1,000000;-1,000000;-1,000000;-1,000000;-1,000000;-1,000000;-1,000000;-1,000000;-1,000000;-1,000000;-1,000000;-1,000000;-1,000000;-1,000000;-1,000000;-1,000000;-1,000000;-1,000000;-1,000000;-1,000000;-1,000000;-1,000000;-1,000000;-1,000000;-1,000000;-1,000000;-1,000000;-1,000000;-1,000000;-1,000000;-1,000000;-1,000000;-1,000000;-1,000000;-1,000000;-1,000000;-1,000000;-1,000000;388,000000;388,000000;388,000000;388,000000;388,000000;388,000000;388,000000;388,000000;388,000000;388,000000;358,500000;358,500000;358,500000;358,500000;358,500000;358,500000;358,500000;358,500000;358,500000;358,500000;303,666667;303,666667;303,666667;303,666667;303,666667;359,250000;359,250000;359,250000;359,250000;359,250000;359,250000;359,250000;359,250000;359,250000;359,250000;359,250000;359,250000;359,250000;359,250000;359,250000;359,250000;359,250000;359,250000;359,250000;359,250000;359,250000;359,250000;359,250000;359,250000;359,250000;369,600000;369,600000;369,600000;369,600000;369,600000;369,600000;369,600000;369,600000;369,600000;369,600000;369,600000;369,600000;369,600000;369,600000;369,600000;433,857143;433,857143;433,857143;433,857143;433,857143;433,857143;433,857143;433,857143;433,857143;433,857143;433,857143;433,857143;433,857143;433,857143;433,857143;433,857143;433,857143;433,857143;433,857143;433,857143;433,857143;433,857143;433,857143;433,857143;433,857143;455,000000;455,000000;455,000000;455,000000;455,000000;455,000000;455,000000;455,000000;455,000000;455,000000;404,444444;404,444444;404,444444;404,444444;404,444444;404,444444;404,444444;404,444444;404,444444;404,444444;404,444444;404,444444;404,444444;404,444444;404,444444;404,444444;404,444444;404,444444;404,444444;404,444444;404,444444;404,444444;404,444444;404,444444;404,444444;384,300000;384,300000;384,300000;384,300000;384,300000;384,300000;384,300000;384,300000;
-1,000000;-1,000000;-1,000000;-1,000000;-1,000000;-1,000000;31,000000;31,000000;31,000000;31,000000;31,000000;31,000000;31,000000;31,000000;31,000000;31,000000;20,666667;20,666667;20,666667;20,666667;20,666667;20,666667;20,666667;20,666667;20,666667;20,666667;20,666667;20,666667;20,666667;20,666667;20,666667;20,666667;20,666667;20,666667;20,666667;20,666667;20,666667;20,666667;20,666667;20,666667;20,666667;20,666667;20,666667;20,666667;20,666667;20,666667;20,666667;20,666667;20,666667;20,666667;20,666667;20,666667;20,666667;20,666667;20,666667;20,666667;20,666667;20,666667;20,666667;20,666667;20,666667;20,666667;20,666667;20,666667;20,666667;20,666667;20,666667;20,666667;20,666667;20,666667;20,666667;15,500000;15,500000;15,500000;15,500000;15,500000;128,400000;128,400000;128,400000;128,400000;128,400000;145,500000;145,500000;145,500000;145,500000;145,500000;145,500000;145,500000;145,500000;145,500000;145,500000;145,500000;145,500000;145,500000;145,500000;145,500000;145,500000;145,500000;145,500000;145,500000;145,500000;145,500000;145,500000;145,500000;145,500000;145,500000;200,714286;200,714286;200,714286;200,714286;200,714286;206,875000;206,875000;206,875000;206,875000;206,875000;304,444444;304,444444;304,444444;304,444444;304,444444;304,444444;304,444444;304,444444;304,444444;304,444444;291,272727;291,272727;291,272727;291,272727;291,272727;281,583333;281,583333;281,583333;281,583333;281,583333;281,583333;281,583333;281,583333;281,583333;281,583333;281,583333;281,583333;281,583333;281,583333;281,583333;281,583333;281,583333;281,583333;281,583333;281,583333;275,461538;275,461538;275,461538;275,461538;275,461538;275,461538;275,461538;275,461538;275,461538;275,461538;275,461538;275,461538;275,461538;275,461538;275,461538;275,461538;275,461538;275,461538;275,461538;275,461538;302,357143;302,357143;302,357143;302,357143;302,357143;282,200000;282,200000;282,200000;282,200000;282,200000;282,200000;282,200000;282,200000;282,200000;282,200000;304,937500;304,937500;304,937500;304,937500;304,937500;304,937500;304,937500;304,937500;304,937500;304,937500;304,937500;304,937500;304,937500;
-1,000000;-1,000000;-1,000000;-1,000000;-1,000000;-1,000000;-1,000000;-1,000000;-1,000000;-1,000000;-1,000000;-1,000000;-1,000000;-1,000000;-1,000000;-1,000000;-1,000000;-1,000000;-1,000000;-1,000000;-1,000000;154,000000;154,000000;154,000000;154,000000;154,000000;154,000000;154,000000;154,000000;154,000000;154,000000;154,000000;154,000000;154,000000;154,000000;154,000000;121,000000;121,000000;121,000000;121,000000;121,000000;278,333333;278,333333;278,333333;278,333333;278,333333;278,333333;278,333333;278,333333;278,333333;278,333333;278,333333;278,333333;278,333333;278,333333;278,333333;278,333333;278,333333;278,333333;278,333333;278,333333;278,333333;278,333333;278,333333;278,333333;278,333333;278,333333;278,333333;278,333333;278,333333;278,333333;293,750000;293,750000;293,750000;293,750000;293,750000;293,750000;293,750000;293,750000;293,750000;293,750000;235,000000;235,000000;235,000000;235,000000;235,000000;235,000000;235,000000;235,000000;235,000000;235,000000;235,000000;235,000000;235,000000;235,000000;235,000000;235,000000;235,000000;235,000000;235,000000;235,000000;235,000000;235,000000;235,000000;235,000000;235,000000;205,666667;205,666667;205,666667;205,666667;205,666667;205,666667;205,666667;205,666667;205,666667;205,666667;205,666667;205,666667;205,666667;205,666667;205,666667;221,857143;221,857143;221,857143;221,857143;221,857143;221,857143;221,857143;221,857143;221,857143;221,857143;221,857143;221,857143;221,857143;221,857143;221,857143;221,857143;221,857143;221,857143;221,857143;221,857143;221,857143;221,857143;221,857143;221,857143;221,857143;194,125000;194,125000;194,125000;194,125000;194,125000;194,125000;194,125000;194,125000;194,125000;194,125000;194,111111;194,111111;194,111111;194,111111;194,111111;194,111111;194,111111;194,111111;194,111111;194,111111;174,700000;174,700000;174,700000;174,700000;174,700000;174,700000;174,700000;174,700000;174,700000;174,700000;187,818182;187,818182;187,818182;187,818182;187,818182;208,416667;208,416667;208,416667;208,416667;208,416667;208,416667;208,416667;208,416667;208,416667;208,416667;208,416667;208,416667;208,416667;208,416667;208,416667;208,416667;208,416667;208,416667;
-1,000000;-1,000000;-1,000000;-1,000000;-1,000000;-1,000000;-1,000000;-1,000000;-1,000000;-1,000000;-1,000000;-1,000000;-1,000000;-1,000000;-1,000000;-1,000000;0,000000;0,000000;0,000000;0,000000;0,000000;0,000000;0,000000;0,000000;0,000000;0,000000;0,000000;0,000000;0,000000;0,000000;0,000000;0,000000;0,000000;0,000000;0,000000;0,000000;0,000000;0,000000;0,000000;0,000000;0,000000;0,000000;0,000000;0,000000;0,000000;0,000000;0,000000;0,000000;0,000000;0,000000;0,000000;310,500000;310,500000;310,500000;310,500000;310,500000;310,500000;310,500000;310,500000;310,500000;310,500000;310,500000;310,500000;310,500000;310,500000;310,500000;207,000000;207,000000;207,000000;207,000000;207,000000;207,000000;207,000000;207,000000;207,000000;207,000000;207,000000;207,000000;207,000000;207,000000;207,000000;207,000000;207,000000;207,000000;207,000000;207,000000;207,000000;207,000000;207,000000;207,000000;207,000000;155,250000;155,250000;155,250000;155,250000;155,250000;155,250000;155,250000;155,250000;155,250000;155,250000;155,250000;155,250000;155,250000;155,250000;155,250000;155,250000;155,250000;155,250000;155,250000;155,250000;155,250000;155,250000;155,250000;155,250000;155,250000;329,400000;329,400000;329,400000;329,400000;329,400000;362,333333;362,333333;362,333333;362,333333;362,333333;310,571429;310,571429;310,571429;310,571429;310,571429;289,000000;289,000000;289,000000;289,000000;289,000000;326,600000;326,600000;326,600000;326,600000;326,600000;302,181818;302,181818;302,181818;302,181818;302,181818;302,181818;302,181818;302,181818;302,181818;302,181818;396,307692;396,307692;396,307692;396,307692;396,307692;396,307692;396,307692;396,307692;396,307692;396,307692;396,307692;396,307692;396,307692;396,307692;396,307692;429,857143;429,857143;429,857143;429,857143;429,857143;429,857143;429,857143;429,857143;429,857143;429,857143;429,857143;429,857143;429,857143;429,857143;429,857143;408,066667;408,066667;408,066667;408,066667;408,066667;408,066667;408,066667;408,066667;408,066667;408,066667;408,066667;408,066667;408,066667;408,066667;408,066667;408,066667;408,066667;408,066667;
-1,000000;-1,000000;-1,000000;-1,000000;-1,000000;-1,000000;-1,000000;-1,000000;-1,000000;-1,000000;-1,000000;-1,000000;-1,000000;-1,000000;-1,000000;-1,000000;534,500000;534,500000;534,500000;534,500000;534,500000;356,333333;356,333333;356,333333;356,333333;356,333333;345,750000;345,750000;345,750000;345,750000;345,750000;345,750000;345,750000;345,750000;345,750000;345,750000;276,600000;276,600000;276,600000;276,600000;276,600000;276,600000;276,600000;276,600000;276,600000;276,600000;276,600000;276,600000;276,600000;276,600000;276,600000;276,600000;276,600000;276,600000;276,600000;276,600000;230,500000;230,500000;230,500000;230,500000;230,500000;218,000000;218,000000;218,000000;218,000000;218,000000;218,000000;218,000000;218,000000;218,000000;218,000000;262,125000;262,125000;262,125000;262,125000;262,125000;269,300000;269,300000;269,300000;269,300000;269,300000;250,090909;250,090909;250,090909;250,090909;250,090909;229,250000;229,250000;229,250000;229,250000;229,250000;229,250000;229,250000;229,250000;229,250000;229,250000;229,250000;229,250000;229,250000;229,250000;229,250000;229,250000;229,250000;229,250000;229,250000;229,250000;229,250000;229,250000;229,250000;229,250000;229,250000;229,250000;229,250000;229,250000;229,250000;229,250000;229,250000;229,250000;229,250000;229,250000;229,250000;229,250000;229,250000;229,250000;229,250000;229,250000;229,250000;229,250000;229,250000;229,250000;229,250000;229,250000;229,250000;229,250000;229,250000;229,250000;229,250000;229,250000;229,250000;229,250000;229,250000;229,250000;229,250000;229,250000;229,250000;229,250000;278,076923;278,076923;278,076923;278,076923;278,076923;278,785714;278,785714;278,785714;278,785714;278,785714;278,785714;278,785714;278,785714;278,785714;278,785714;260,200000;260,200000;260,200000;260,200000;260,200000;260,200000;260,200000;260,200000;260,200000;260,200000;260,200000;260,200000;260,200000;260,200000;260,200000;260,200000;260,200000;260,200000;260,200000;260,200000;260,200000;260,200000;260,200000;260,200000;260,200000;260,200000;260,200000;260,200000;260,200000;260,200000;260,200000;260,200000;260,200000;260,200000;260,200000;260,200000;260,200000;260,200000;
